model,sigma,L,Gamma,chi,poles,MPO_bond_dimension,MPO_error,E0,E1,gap,ground_variance,excited_variance,normalized_ground_variance,normalized_excited_variance,discarded_weight,convergence_residual,correlation_ratio,ed_E0,ed_E1,ed_gap,ed_correlation_ratio,ed_energy_relative_error,correlation_ratio_absolute_error,runtime,git_commit
nn,,16,0.98,64,,4,,-20.20392096883627,,,5.950653303443687e-9,,1.45778449284068e-11,,,5.751926712704858e-10,0.44248633056118,-20.203920969723292,-20.12523244029763,0.07868852942566207,0.44246964758111085,4.390337085410727e-11,1.668298006912705e-5,204.04666590690613,5b254486579d4041e900f3266df067a8f85edfc4
nn,,16,0.99,64,,4,,-20.303411413248583,,,5.579124717769446e-9,,1.353405820933535e-11,,,5.251654666693639e-10,0.4210696150325606,-20.303411414107078,-20.21529551953009,0.08811589457698688,0.4210540615175898,4.228331285831371e-11,1.5553514970789717e-5,210.69136714935303,5b254486579d4041e900f3266df067a8f85edfc4
nn,,16,1.0,64,,4,,-20.40459447365191,,,1.0031044439529069e-8,,2.4092963273644567e-11,,,4.5145731597528993e-10,0.40080352136022507,-20.40459447475665,-20.306340775217688,0.09825369953896157,0.4007898597107898,5.414178599753538e-11,1.3661649435281475e-5,208.68291401863098,5b254486579d4041e900f3266df067a8f85edfc4
nn,,16,1.01,64,,4,,-20.507449007636804,,,4.482956228457624e-9,,1.0659607599156428e-11,,,3.8522574019594913e-10,0.38168120434805963,-20.50744900824597,-20.398354087880126,0.10909492036584467,0.3816701255847131,2.970462346099627e-11,1.1078763346550335e-5,208.05038499832153,5b254486579d4041e900f3266df067a8f85edfc4
nn,,16,1.02,64,,4,,-20.61194628981431,,,9.425150437891716e-9,,2.218453277901629e-11,,,3.5563929579041087e-10,0.36368502777478307,-20.61194629071758,-20.491320569412157,0.12062572130542293,0.3636762012572984,4.3822661609323626e-11,8.82651748468355e-6,207.230535030365,5b254486579d4041e900f3266df067a8f85edfc4
nn,,24,0.98,64,,4,,-30.279455860350247,,,1.1038991942768916e-10,,1.2040188427062272e-13,,,3.9968028886505635e-15,0.4606309331638916,,,,,,,208.49089097976685,5b254486579d4041e900f3266df067a8f85edfc4
nn,,24,0.99,64,,4,,-30.428093865563177,,,1.1527845344971865e-10,,1.2450839844761514e-13,,,3.885780586188048e-15,0.42836464681006914,,,,,,,210.95243501663208,5b254486579d4041e900f3266df067a8f85edfc4
nn,,24,1.0,64,,4,,-30.579576597346307,,,1.248281478183344e-10,,1.3349026362963558e-13,,,4.551914400963142e-15,0.39832215176066227,,,,,,,209.44028902053833,5b254486579d4041e900f3266df067a8f85edfc4
nn,,24,1.01,64,,4,,-30.733875573342683,,,1.2755663192365319e-10,,1.3504185219729638e-13,,,4.3298697960381105e-15,0.37056055446384095,,,,,,,210.22000098228455,5b254486579d4041e900f3266df067a8f85edfc4
nn,,24,1.02,64,,4,,-30.890935733191252,,,1.241460267920047e-10,,1.3009802299125041e-13,,,3.6637359812630166e-15,0.34507351423807286,,,,,,,212.5784158706665,5b254486579d4041e900f3266df067a8f85edfc4
nn,,32,0.98,64,,4,,-40.36057197807244,,,3.3624019124545157e-9,,2.0641202733388206e-12,,,3.2818192607919627e-13,0.48033588623247203,,,,,,,215.30297899246216,5b254486579d4041e900f3266df067a8f85edfc4
nn,,32,0.99,64,,4,,-40.55826536130839,,,3.5513494367478415e-9,,2.1589106180657697e-12,,,6.661338147750939e-14,0.4367967379324667,,,,,,,219.64419984817505,5b254486579d4041e900f3266df067a8f85edfc4
nn,,32,1.0,64,,4,,-40.760032493847845,,,3.6679921322502196e-9,,2.2077980851643267e-12,,,6.59472476627343e-14,0.39681767226300496,,,,,,,210.87157702445984,5b254486579d4041e900f3266df067a8f85edfc4
nn,,32,1.01,64,,4,,-40.965845511439696,,,3.678223947645165e-9,,2.191766687594735e-12,,,6.405986852087153e-14,0.3606321757747715,,,,,,,210.7762680053711,5b254486579d4041e900f3266df067a8f85edfc4
nn,,32,1.02,64,,4,,-41.1756131247712,,,3.6070559872314334e-9,,2.1275155049143047e-12,,,6.161737786669619e-14,0.3282731659169952,,,,,,,218.1645691394806,5b254486579d4041e900f3266df067a8f85edfc4
nn,,48,0.98,64,,4,,-60.528524953327796,,,1.0533995009609498e-7,,2.8752322246960827e-11,,,2.6742497105658458e-11,0.5224864855577418,,,,,,,223.81800413131714,5b254486579d4041e900f3266df067a8f85edfc4
nn,,48,0.99,64,,4,,-60.82413156173735,,,1.1925976650672965e-7,,3.2236072290392666e-11,,,3.4404257220899126e-11,0.4554029263771544,,,,,,,228.11569499969482,5b254486579d4041e900f3266df067a8f85edfc4
nn,,48,1.0,64,,4,,-61.126407805894594,,,1.0952908269246109e-7,,2.931377171800068e-11,,,9.632517006252783e-12,0.39507886786023444,,,,,,,227.47019696235657,5b254486579d4041e900f3266df067a8f85edfc4
nn,,48,1.01,64,,4,,-61.435362430638975,,,1.1390557119739242e-7,,3.0179227357263364e-11,,,1.7668089213884741e-12,0.34267828944168943,,,,,,,232.3992781639099,5b254486579d4041e900f3266df067a8f85edfc4
nn,,48,1.02,64,,4,,-61.75079357011805,,,1.126663846662268e-7,,2.954671970220267e-11,,,1.6090462295892394e-12,0.29838722179670657,,,,,,,223.51100611686707,5b254486579d4041e900f3266df067a8f85edfc4
nn,,64,0.98,64,,4,,-80.69944097536353,,,6.087675501476042e-7,,9.347822174595288e-11,,,8.359979375427429e-12,0.5667775898214,,,,,,,245.77928185462952,5b254486579d4041e900f3266df067a8f85edfc4
nn,,64,0.99,64,,4,,-81.09279441200735,,,7.416119842673652e-7,,1.1277483668505553e-10,,,6.377498529275272e-11,0.47534695478951505,,,,,,,244.5081741809845,5b254486579d4041e900f3266df067a8f85edfc4
nn,,64,1.0,64,,4,,-81.49551257645955,,,8.105917004286312e-7,,1.2204915063821637e-10,,,8.851364086126523e-12,0.3940925819063672,,,,,,,242.02868390083313,5b254486579d4041e900f3266df067a8f85edfc4
nn,,64,1.01,64,,4,,-81.90770260005775,,,7.828102752682753e-7,,1.1668284996297282e-10,,,1.0824674490095276e-11,0.32631084008252115,,,,,,,247.188325881958,5b254486579d4041e900f3266df067a8f85edfc4
nn,,64,1.02,64,,4,,-82.32898941691809,,,6.774498615413904e-7,,9.994742032847968e-11,,,9.4840801878604e-12,0.27237417573667055,,,,,,,238.50703501701355,5b254486579d4041e900f3266df067a8f85edfc4
nn,,16,1.0,64,,4,,-20.40459447365191,-20.306340774004028,0.09825369964788067,1.0031044439529069e-8,7.904361609689659e-9,2.4092963273644567e-11,1.9169176669781935e-11,,4.5145731597528993e-10,0.40080352136022507,-20.40459447475665,-20.306340775217688,0.09825369953896157,0.4007898597107898,5.414178599753538e-11,1.3661649435281475e-5,233.73482012748718,5b254486579d4041e900f3266df067a8f85edfc4
nn,,16,1.0,128,,4,,-20.404594474077484,-20.306340774754677,0.09825369932280736,3.6075675780011807e-9,3.5708467294170987e-9,8.664799930288038e-12,8.659800144762882e-12,,4.5145731597528993e-10,0.400803070044067,-20.404594474756653,-20.30634077521774,0.09825369953891183,0.4007898597107854,3.328508792972289e-11,1.3210333281610254e-5,236.64471793174744,5b254486579d4041e900f3266df067a8f85edfc4
nn,,24,1.0,64,,4,,-30.579576597346307,-30.51410337605298,0.06547322129332755,1.248281478183344e-10,2.3146640160121024e-9,1.3349026362963558e-13,2.4859176262851768e-12,,4.551914400963142e-15,0.39832215176066227,,,,,,,242.8138599395752,5b254486579d4041e900f3266df067a8f85edfc4
nn,,24,1.0,128,,4,,-30.57957659735705,-30.51410337622052,0.06547322113653209,-5.684341886080801e-13,2.3424036044161767e-9,6.078791604259646e-16,2.515709566376097e-12,,3.3306690738754696e-15,0.39832215257753584,,,,,,,271.52666997909546,5b254486579d4041e900f3266df067a8f85edfc4
nn,,32,1.0,64,,4,,-40.760032493847845,-40.710935247988516,0.049097245859329064,3.6679921322502196e-9,1.347052602795884e-8,2.2077980851643267e-12,8.127601398646448e-12,,6.59472476627343e-14,0.39681767226300496,,,,,,,253.24964809417725,5b254486579d4041e900f3266df067a8f85edfc4
nn,,32,1.0,128,,4,,-40.76003249419231,-40.71093524977426,0.04909724441804997,-5.4569682106375694e-12,9.158611646853387e-10,3.2845991844190583e-15,5.525956794084779e-13,,6.8833827526759706e-15,0.39681768595992156,,,,,,,308.21023988723755,5b254486579d4041e900f3266df067a8f85edfc4
nn,,48,1.0,64,,4,,-61.126407805894594,-61.0936799643382,0.032727841556393855,1.0952908269246109e-7,8.280812835437246e-8,2.931377171800068e-11,2.2186070956690284e-11,,9.632517006252783e-12,0.39507886786023444,,,,,,,291.6144151687622,5b254486579d4041e900f3266df067a8f85edfc4
nn,,48,1.0,128,,4,,-61.126407818149445,-61.093679970193264,0.03272784795618122,9.185896487906575e-11,1.4942088455427438e-8,2.4584636878570504e-14,4.003305487488537e-12,,6.607270286451694e-12,0.39507909047773665,,,,,,,537.782418012619,5b254486579d4041e900f3266df067a8f85edfc4
nn,,64,1.0,64,,4,,-81.49551257645955,-81.47096767653582,0.02454489992372544,8.105917004286312e-7,5.383699317462742e-7,1.2204915063821637e-10,8.11101205566306e-11,,8.851364086126523e-12,0.3940925819063672,,,,,,,330.68091011047363,5b254486579d4041e900f3266df067a8f85edfc4
nn,,64,1.0,128,,4,,-81.49551266876574,-81.47096774400939,0.024544924756355613,1.6061676433309913e-9,1.3787939678877592e-9,2.4183740852935295e-13,2.0772732312546165e-13,,2.6584290324649373e-12,0.39409394262012476,,,,,,,1093.362529039383,5b254486579d4041e900f3266df067a8f85edfc4
long_range,1.75,16,1.52,32,16,34,"{""max_absolute"":2.7067237340361316e-13,""max_relative"":4.164404413474493e-13,""rms_relative"":2.384603445333114e-13}",-28.084066460840322,,,3.668499175546458e-7,,4.6512367040881226e-10,,,6.8937078268049845e-12,0.37593264163997386,-28.08406647994049,-26.524412898731754,1.5596535812087353,0.37593269370046867,6.801068782246959e-10,5.2060494803995994e-8,207.16507697105408,5b254486579d4041e900f3266df067a8f85edfc4
long_range,1.75,16,1.54,32,16,34,"{""max_absolute"":2.7067237340361316e-13,""max_relative"":4.164404413474493e-13,""rms_relative"":2.384603445333114e-13}",-28.319898163479145,,,3.4824984140868764e-7,,4.3421773005463543e-10,,,4.094280470212652e-12,0.35636194160880186,-28.31989818147313,-26.740245687901446,1.5796524935716825,0.35636198839819555,6.353830468262929e-10,4.6789393692847625e-8,200.0877809524536,5b254486579d4041e900f3266df067a8f85edfc4
long_range,1.75,16,1.56,32,16,34,"{""max_absolute"":2.7067237340361316e-13,""max_relative"":4.164404413474493e-13,""rms_relative"":2.384603445333114e-13}",-28.559678051582377,,,3.2756474865891505e-7,,4.015970773903911e-10,,,2.8733682100323676e-12,0.3381834616283839,-28.559678068415508,-26.95498241537553,1.604695653039979,0.33818350328063584,5.89401967514088e-10,4.1652251925317074e-8,199.1774320602417,5b254486579d4041e900f3266df067a8f85edfc4
long_range,1.75,16,1.58,32,16,34,"{""max_absolute"":2.7067237340361316e-13,""max_relative"":4.164404413474493e-13,""rms_relative"":2.384603445333114e-13}",-28.803229002854255,,,3.0624016744695837e-7,,3.6913038776653596e-10,,,2.9483082641945657e-12,0.32133796601904824,-28.80322901852365,-27.16871333244034,1.6345156860833079,0.32133800306361693,5.440151478935564e-10,3.704456869035866e-8,204.23815083503723,5b254486579d4041e900f3266df067a8f85edfc4
long_range,1.75,16,1.6,32,16,34,"{""max_absolute"":2.7067237340361316e-13,""max_relative"":4.164404413474493e-13,""rms_relative"":2.384603445333114e-13}",-29.05036287727896,,,2.851149929483654e-7,,3.378445615098727e-10,,,1.794564497004103e-12,0.3057551652277296,-29.05036289181218,-27.381541540273815,1.6688213515383659,0.3057551982856254,5.002767401947044e-10,3.305789580965168e-8,199.00634908676147,5b254486579d4041e900f3266df067a8f85edfc4
long_range,1.75,32,1.52,32,16,34,"{""max_absolute"":6.028910704003465e-11,""max_relative"":3.162632532717331e-10,""rms_relative"":1.6849773279565732e-10}",-56.03695568011186,,,4.141738872931455e-5,,1.3189661425432605e-8,,,1.244001568423414e-10,0.4187023424700008,,,,,,,211.68197393417358,5b254486579d4041e900f3266df067a8f85edfc4
long_range,1.75,32,1.54,32,16,34,"{""max_absolute"":6.028910704003465e-11,""max_relative"":3.162632532717331e-10,""rms_relative"":1.6849773279565732e-10}",-56.50527395453286,,,4.183202781860018e-5,,1.310179946648274e-8,,,1.3517076347113743e-10,0.37940062548960374,,,,,,,216.98143100738525,5b254486579d4041e900f3266df067a8f85edfc4
long_range,1.75,32,1.56,32,16,34,"{""max_absolute"":6.028910704003465e-11,""max_relative"":3.162632532717331e-10,""rms_relative"":1.6849773279565732e-10}",-56.98348299476608,,,4.145257253185264e-5,,1.2765960778524357e-8,,,5.537500458174804e-10,0.34421908418513536,,,,,,,212.96387100219727,5b254486579d4041e900f3266df067a8f85edfc4
long_range,1.75,32,1.58,32,16,34,"{""max_absolute"":6.028910704003465e-11,""max_relative"":3.162632532717331e-10,""rms_relative"":1.6849773279565732e-10}",-57.4710634886117,,,4.1452118693996454e-5,,1.2550131188541853e-8,,,3.912236090641841e-10,0.31314123882609207,,,,,,,208.08186888694763,5b254486579d4041e900f3266df067a8f85edfc4
long_range,1.75,32,1.6,32,16,34,"{""max_absolute"":6.028910704003465e-11,""max_relative"":3.162632532717331e-10,""rms_relative"":1.6849773279565732e-10}",-57.96737089137916,,,4.079113841726212e-5,,1.2139439056381717e-8,,,8.443001853208898e-10,0.28594470074861267,,,,,,,206.78314208984375,5b254486579d4041e900f3266df067a8f85edfc4
long_range,2.0,16,1.38,32,16,34,"{""max_absolute"":1.5942802633617248e-13,""max_relative"":1.5933259852848795e-13,""rms_relative"":8.303178676580583e-14}",-26.07641135031488,,,2.2747769889974734e-7,,3.345362464440479e-10,,,1.0836997965668616e-11,0.4056130319797819,-26.07641136383669,-24.72339032416847,1.3530210396682207,0.4056130911070825,5.18545641163824e-10,5.9127300611194755e-8,199.0610008239746,5b254486579d4041e900f3266df067a8f85edfc4
long_range,2.0,16,1.4,32,16,34,"{""max_absolute"":1.5942802633617248e-13,""max_relative"":1.5933259852848795e-13,""rms_relative"":8.303178676580583e-14}",-26.30193977250642,,,2.1734649635618553e-7,,3.1417895134615814e-10,,,1.1121770171484968e-11,0.3815328864870269,-26.301939785345215,-24.936818973036246,1.3651208123089695,0.3815329390487953,4.88131171967883e-10,5.256176843770888e-8,203.21128392219543,5b254486579d4041e900f3266df067a8f85edfc4
long_range,2.0,16,1.42,32,16,34,"{""max_absolute"":1.5942802633617248e-13,""max_relative"":1.5933259852848795e-13,""rms_relative"":8.303178676580583e-14}",-26.5320160238326,,,2.059719008684624e-7,,2.9259538723165277e-10,,,9.101386311272108e-12,0.3592524358897184,-26.53201603592781,-25.149044217092406,1.3829718188354043,0.35925248256255266,4.558722620393465e-10,4.6672834264072094e-8,203.08074283599854,5b254486579d4041e900f3266df067a8f85edfc4
long_range,2.0,16,1.44,32,16,34,"{""max_absolute"":1.5942802633617248e-13,""max_relative"":1.5933259852848795e-13,""rms_relative"":8.303178676580583e-14}",-26.766464571358927,,,1.9380706817173632e-7,,2.705126561715917e-10,,,4.680034138004885e-12,0.33871510008974925,-26.76646458267631,-25.360140192587615,1.4063243900886953,0.3387151415961761,4.2281947814522046e-10,4.150642685107897e-8,201.14405703544617,5b254486579d4041e900f3266df067a8f85edfc4
long_range,2.0,16,1.46,32,16,34,"{""max_absolute"":1.5942802633617248e-13,""max_relative"":1.5933259852848795e-13,""rms_relative"":8.303178676580583e-14}",-27.00508569007067,,,1.8130833723262185e-7,,2.486146151589672e-10,,,3.0946356588401613e-12,0.31984062320893397,-27.005085700600784,-25.570206712351528,1.434878988249256,0.3198406602368099,3.8993082869712885e-10,3.702787593207191e-8,204.14537286758423,5b254486579d4041e900f3266df067a8f85edfc4
long_range,2.0,32,1.38,32,16,34,"{""max_absolute"":1.9900192604893618e-10,""max_relative"":3.9514126943571994e-10,""rms_relative"":1.8717586661851034e-10}",-52.051632620600934,,,2.559623726483551e-5,,9.447293665666699e-9,,,1.192258514137734e-10,0.45858530244950835,,,,,,,215.74105405807495,5b254486579d4041e900f3266df067a8f85edfc4
long_range,2.0,32,1.4,32,16,34,"{""max_absolute"":1.9900192604893618e-10,""max_relative"":3.9514126943571994e-10,""rms_relative"":1.8717586661851034e-10}",-52.49866235123277,,,2.7014392344426597e-5,,9.80163954566867e-9,,,1.397543192283024e-10,0.409538608153957,,,,,,,215.9115490913391,5b254486579d4041e900f3266df067a8f85edfc4
long_range,2.0,32,1.42,32,16,34,"{""max_absolute"":1.9900192604893618e-10,""max_relative"":3.9514126943571994e-10,""rms_relative"":1.8717586661851034e-10}",-52.95689835606454,,,2.8187969746795716e-5,,1.0051218519955276e-8,,,1.6627299537219642e-10,0.3657044311796807,,,,,,,222.33142399787903,5b254486579d4041e900f3266df067a8f85edfc4
long_range,2.0,32,1.44,32,16,34,"{""max_absolute"":1.9900192604893618e-10,""max_relative"":3.9514126943571994e-10,""rms_relative"":1.8717586661851034e-10}",-53.42591565947364,,,2.8712148832710227e-5,,1.005916074281743e-8,,,1.635579449654756e-10,0.32730706404232596,,,,,,,211.43981409072876,5b254486579d4041e900f3266df067a8f85edfc4
long_range,2.0,32,1.46,32,16,34,"{""max_absolute"":1.9900192604893618e-10,""max_relative"":3.9514126943571994e-10,""rms_relative"":1.8717586661851034e-10}",-53.905058214694904,,,2.781471084745135e-5,,9.572282578866176e-9,,,9.448762883224049e-10,0.29416537524867,,,,,,,208.01183581352234,5b254486579d4041e900f3266df067a8f85edfc4
long_range,1.75,32,1.52,64,16,34,"{""max_absolute"":6.028910704003465e-11,""max_relative"":3.162632532717331e-10,""rms_relative"":1.6849773279565732e-10}",-56.03695873177296,,,3.790059963648673e-7,,1.206971366173138e-10,,,1.3210543770014738e-12,0.4187065331537671,,,,,,,251.21020102500916,5b254486579d4041e900f3266df067a8f85edfc4
long_range,1.75,32,1.54,64,16,34,"{""max_absolute"":6.028910704003465e-11,""max_relative"":3.162632532717331e-10,""rms_relative"":1.6849773279565732e-10}",-56.50527699590428,,,3.798841134994291e-7,,1.189797674013694e-10,,,1.3751222383007189e-12,0.3794046329630111,,,,,,,246.50128412246704,5b254486579d4041e900f3266df067a8f85edfc4
long_range,1.75,32,1.56,64,16,34,"{""max_absolute"":6.028910704003465e-11,""max_relative"":3.162632532717331e-10,""rms_relative"":1.6849773279565732e-10}",-56.983485971676046,,,3.694049155456014e-7,,1.1376394473232163e-10,,,1.389333093015921e-10,0.34422305836797057,,,,,,,232.96848917007446,5b254486579d4041e900f3266df067a8f85edfc4
long_range,1.75,32,1.58,64,16,34,"{""max_absolute"":6.028910704003465e-11,""max_relative"":3.162632532717331e-10,""rms_relative"":1.6849773279565732e-10}",-57.47106639208181,,,3.51851213054033e-7,,1.0652720718808676e-10,,,1.2509537850036168e-10,0.3131453539189699,,,,,,,228.66103601455688,5b254486579d4041e900f3266df067a8f85edfc4
long_range,1.75,32,1.6,64,16,34,"{""max_absolute"":6.028910704003465e-11,""max_relative"":3.162632532717331e-10,""rms_relative"":1.6849773279565732e-10}",-57.9673736682264,,,3.42010025633499e-7,,1.0178214254787683e-10,,,1.2954082251326327e-12,0.2859486233718153,,,,,,,247.0018880367279,5b254486579d4041e900f3266df067a8f85edfc4
long_range,1.75,64,1.52,64,16,34,"{""max_absolute"":6.560996190785318e-11,""max_relative"":2.2741813590818206e-10,""rms_relative"":1.1039770919103901e-10}",-112.0041184496063,,,1.622802665224299e-5,,1.293593211754458e-9,,,6.072153890812615e-11,0.5015726429826985,,,,,,,341.8646340370178,5b254486579d4041e900f3266df067a8f85edfc4
long_range,1.75,64,1.54,64,16,34,"{""max_absolute"":6.560996190785318e-11,""max_relative"":2.2741813590818206e-10,""rms_relative"":1.1039770919103901e-10}",-112.9347707134418,,,1.7120144548243843e-5,,1.3423076899993576e-9,,,5.5961235645440865e-11,0.4197570342641743,,,,,,,336.1431620121002,5b254486579d4041e900f3266df067a8f85edfc4
long_range,1.75,64,1.56,64,16,34,"{""max_absolute"":6.560996190785318e-11,""max_relative"":2.2741813590818206e-10,""rms_relative"":1.1039770919103901e-10}",-113.88907259224,,,1.6529920685570687e-5,,1.2744026233534716e-9,,,4.842393153126068e-11,0.3494772536311071,,,,,,,337.3392939567566,5b254486579d4041e900f3266df067a8f85edfc4
long_range,1.75,64,1.58,64,16,34,"{""max_absolute"":6.560996190785318e-11,""max_relative"":2.2741813590818206e-10,""rms_relative"":1.1039770919103901e-10}",-114.86581054253132,,,1.4734738215338439e-5,,1.1167626005693015e-9,,,4.2057690663455105e-11,0.29260049141057587,,,,,,,345.1835079193115,5b254486579d4041e900f3266df067a8f85edfc4
long_range,1.75,64,1.6,64,16,34,"{""max_absolute"":6.560996190785318e-11,""max_relative"":2.2741813590818206e-10,""rms_relative"":1.1039770919103901e-10}",-115.86270620905705,,,1.2423890439094976e-5,,9.254869017881017e-10,,,3.616962285235559e-11,0.248195820127632,,,,,,,331.1085011959076,5b254486579d4041e900f3266df067a8f85edfc4
long_range,2.0,32,1.38,64,16,34,"{""max_absolute"":1.9900192604893618e-10,""max_relative"":3.9514126943571994e-10,""rms_relative"":1.8717586661851034e-10}",-52.051634793157966,,,2.410993147350382e-7,,8.898713569449288e-11,,,1.6293633109398797e-12,0.4585893348228571,,,,,,,247.27514004707336,5b254486579d4041e900f3266df067a8f85edfc4
long_range,2.0,32,1.4,64,16,34,"{""max_absolute"":1.9900192604893618e-10,""max_relative"":3.9514126943571994e-10,""rms_relative"":1.8717586661851034e-10}",-52.498664590969156,,,2.474116627126932e-7,,8.97684352647318e-11,,,1.7004175845158898e-12,0.4095427349991735,,,,,,,254.7225239276886,5b254486579d4041e900f3266df067a8f85edfc4
long_range,2.0,32,1.42,64,16,34,"{""max_absolute"":1.9900192604893618e-10,""max_relative"":3.9514126943571994e-10,""rms_relative"":1.8717586661851034e-10}",-52.95690062391026,,,2.4810879040160216e-7,,8.847020476674573e-11,,,1.1349809980742975e-12,0.3657088640306768,,,,,,,252.5003309249878,5b254486579d4041e900f3266df067a8f85edfc4
long_range,2.0,32,1.44,64,16,34,"{""max_absolute"":1.9900192604893618e-10,""max_relative"":3.9514126943571994e-10,""rms_relative"":1.8717586661851034e-10}",-53.42591789285903,,,2.3779239199939184e-7,,8.330939312452467e-11,,,1.0866862965031032e-12,0.32731159709353513,,,,,,,272.53479194641113,5b254486579d4041e900f3266df067a8f85edfc4
long_range,2.0,32,1.46,64,16,34,"{""max_absolute"":1.9900192604893618e-10,""max_relative"":3.9514126943571994e-10,""rms_relative"":1.8717586661851034e-10}",-53.90506032560834,,,2.2177573555381969e-7,,7.632291614445247e-11,,,7.706272286966964e-10,0.2941695380471177,,,,,,,223.5149281024933,5b254486579d4041e900f3266df067a8f85edfc4
long_range,2.0,64,1.38,64,16,34,"{""max_absolute"":7.90776333303711e-10,""max_relative"":7.907690720178257e-10,""rms_relative"":3.074909114644415e-10}",-104.05488020883213,,,9.316194336861372e-6,,8.604262119449694e-10,,,5.544742442964434e-11,0.5633030961884777,,,,,,,332.93430495262146,5b254486579d4041e900f3266df067a8f85edfc4
long_range,2.0,64,1.4,64,16,34,"{""max_absolute"":7.90776333303711e-10,""max_relative"":7.907690720178257e-10,""rms_relative"":3.074909114644415e-10}",-104.9425134909257,,,1.0238652976113372e-5,,9.296937253132675e-10,,,6.655309636727225e-11,0.4608961781444712,,,,,,,341.2975060939789,5b254486579d4041e900f3266df067a8f85edfc4
long_range,2.0,64,1.42,64,16,34,"{""max_absolute"":7.90776333303711e-10,""max_relative"":7.907690720178257e-10,""rms_relative"":3.074909114644415e-10}",-105.85624284852781,,,1.0147434295504354e-5,,9.055726486516473e-10,,,5.814559944639086e-11,0.371743124583377,,,,,,,331.60850501060486,5b254486579d4041e900f3266df067a8f85edfc4
long_range,2.0,64,1.44,64,16,34,"{""max_absolute"":7.90776333303711e-10,""max_relative"":7.907690720178257e-10,""rms_relative"":3.074909114644415e-10}",-106.79554884464906,,,9.207809853251092e-6,,8.07328043066074e-10,,,4.441280676559245e-11,0.3006369534912854,,,,,,,335.8823928833008,5b254486579d4041e900f3266df067a8f85edfc4
long_range,2.0,64,1.46,64,16,34,"{""max_absolute"":7.90776333303711e-10,""max_relative"":7.907690720178257e-10,""rms_relative"":3.074909114644415e-10}",-107.75812492905662,,,7.758635547361337e-6,,6.681674275278555e-10,,,3.711386753479928e-11,0.24703147352986507,,,,,,,341.92751908302307,5b254486579d4041e900f3266df067a8f85edfc4
